decade,academic_pressure,academic_stress,accelerating_health,acculturation_challenges,acculturation_difficulty,acculturation_exhaustion,acculturation_stress,acculturative_stress,achievement_frustration,achievement_pressure,activity_limitation,activity_restriction,adaptation_challenges,adjustment,adjustment_difficulty,adjustment_disorder,adjustment_stress,age-related_decline,age-related_illness,age_discrimination,aging,aging_anxiety,aging_body,aging_concern,aging_concerns,aging_crisis,aging_decline,aging_health,aging_struggle,ambiguous_loss,anticipatory_grief,anxiety,anxiety_disorder,autonomy_conflict,autonomy_loss,bereavement,body_image,burden_fear,burnout,burnout_recovery,business_competition,business_expansion_stress,business_failure,business_stagnation,business_succession,cancer_diagnosis,care_access,care_burden,care_needs,care_transition,career_adjustment,career_advancement,career_anxiety,career_block,career_burnout,career_change,career_concern,career_conflict,career_dilemma,career_dissatisfaction,career_doubt,career_identity,career_insecurity,career_instability,career_obsolescence,career_plateau,career_pressure,career_reassessment,career_reinvention,career_shift,career_stagnation,career_stress,career_struggle,career_transition,career_uncertainty,caregiver_anxiety,caregiver_burden,caregiver_burnout,caregiver_dilemma,caregiver_grief,caregiver_guilt,caregiver_stress,caregiving,caregiving_dilemmas,caregiving_intensify,caregiving_responsibility,caregiving_stress,child_behavior,child_health,children_independence,chronic_anxiety,chronic_depression,chronic_disease,chronic_grief,chronic_health,chronic_health_issues,chronic_illness,chronic_illness_management,chronic_pain,chronic_pain_mobility,chronic_pillness,chronic_ptsd,chronic_stress,climate_anxiety,cognitive_concern,cognitive_decline,cognitive_impairment,collective_grief,collective_trauma,combat_trauma,communication_barrier,community_change,community_disconnection,community_grief,community_loss,comorbidity,comorbidity_anxiety,compassion_fatigue,complex_trauma,complicated_grief,conflict,conscription,creative_block,creative_burnout,creative_catharsis,creative_dissatisfaction,creative_doubt,creative_frustration,creative_pressure,cross_cultural_stress,cultural_adjustment,cultural_atrophy,cultural_conflict,cultural_dilemma,cultural_disconnection,cultural_displacement,cultural_dissonance,cultural_fatigue,cultural_grief,cultural_guilt,cultural_identity,cultural_integration,cultural_isolation,cultural_loss,cultural_preservation,cultural_pressure,cultural_shock,cultural_tension,cultural_toll,cultural_transition_stress,cumulative_grief,decision_anxiety,decision_paralysis,decision_stress,declining_health,dementia,dementia_care,dementia_risk,dependence,dependency,dependency_fear,depression,depressive_episode,deteriorating_health,dietary_conflict,digital_burnout,digital_isolation,discrimination,discrimination_stress,disenfranchised_grief,displacement,displacement_anxiety,displacement_stress,displacement_trauma,distant_grief,divorce,early_health_issues,economic_anxiety,economic_burden,economic_crisis,economic_downturn,economic_precarity,economic_pressure,economic_recession,economic_survival,economic_uncertainty,education_costs,education_stress,elder_loneliness,emotional_detachment,employment_exploitation,employment_stress,employment_uncertainty,empty_nest,empty_nest_loneliness,end_of_life,end_of_life_decisions,end_of_life_planning,environmental_health,envy,estate_planning,ethical_dilemma,existential_anxiety,existential_closure,existential_concern,existential_concerns,existential_crisis,existential_despair,existential_dilemma,existential_dissatisfaction,existential_doubt,existential_dread,existential_guilt,existential_loneliness,existential_reflection,existential_void,familial_estrangement,familial_isolation,family_balance,family_care,family_caregiving,family_challenges,family_change,family_conflict,family_crisis,family_delay,family_dilemma,family_dispute,family_dissatisfaction,family_dissolution,family_distance,family_duty,family_duty_conflict,family_duty_stress,family_dynamics,family_education,family_emergency,family_expectations,family_financial,family_financial_pressure,family_financial_stress,family_grief,family_guilt,family_health,family_health_concerns,family_identity,family_isolation,family_longing,family_loss,family_obligation,family_planning,family_planning_stress,family_pressure,family_responsibility,family_secrets,family_separation,family_shift,family_stress,family_tension,family_worry,filial_duty,financial_anxiety,financial_balance,financial_burden,financial_burnout,financial_concern,financial_concerns,financial_constraints,financial_crisis,financial_guilt,financial_insecurity,financial_loss,financial_management,financial_obligation,financial_planning,financial_precarity,financial_pressure,financial_regret,financial_restriction,financial_risk,financial_stability,financial_strain,financial_stress,financial_uncertainty,financial_worry,fixed_income_stress,forced_migration,forced_migration_trauma,frailty,frailty_anxiety,freedom_longing,functional_decline,funding_loss,future_anxiety,gender_role_doubt,generational_change,generational_conflict,generational_disappointment,generational_divide,generational_gap,generational_legacy,generational_tension,generational_trauma,generational_worry,grief,grief_impact,grief_relapse,grief_triggers,group_dissonance,guilt,health_anxiety,health_care_needs,health_complications,health_concern,health_concerns,health_condition,health_consequences,health_cost,health_crisis,health_decline,health_dependence,health_dependency,health_diagnosis,health_financial,health_grief,health_impact,health_issue,health_issues,health_loneliness,health_maintenance,health_management,health_shock,health_vulnerability,health_worry,healthcare_access,healthcare_cost,heritage_preservation,hobby_loss,homesickness,housing_cost,housing_crisis,housing_insecurity,identity_balance,identity_conflict,identity_crisis,identity_dissonance,identity_erosion,identity_guilt,identity_integration,identity_loss,identity_reassessment,identity_reconciliation,identity_reconstruction,identity_shift,identity_struggle,immigration_stress,immobility_isolation,imposter_syndrome,income_shortfall,inflation_stress,injury,institutional_burden,institutional_friction,institutional_loneliness,institutionalization,intergenerational_care,intergenerational_conflict,intergenerational_crisis,intergenerational_gap,intergenerational_guilt,intergenerational_tension,intergenerational_trauma,irrelevance_fear,isolation,isolation_risk,job_insecurity,job_loss,language_barrier,late_health_effects,legacy_concern,legacy_concerns,legacy_planning,legacy_work,legal_burden,legal_bureaucracy,legal_obstacles,legal_proceedings,legal_stress,legal_uncertainty,liberation_trauma,life_pursuits,life_reassessment,life_reflection,life_review,life_stage_pressure,life_transition,loneliness,long_term_care,long_term_care_cost,long_term_care_costs,long_term_health,long_term_relationship,loss,loss_of_autonomy,loss_of_independence,marital_adjustment,marital_conflict,marital_dissatisfaction,marital_dysfunction,marital_satisfaction,marital_strain,marital_tension,market_saturation,maternal_health,medical_access,medical_complications,medical_cost_stress,medical_crisis,medical_emergency,medical_issues,mental_health,mental_health_crisis,mental_health_recovery,mental_health_stigma,mid_career_doubt,mid_twenties_crisis,midlife_career,midlife_career_shift,midlife_crisis,midlife_crossroads,midlife_reassessment,midlife_reflection,midlife_transition,migration_dilemma,migration_stress,military_service,mobility_challenges,mobility_decline,mobility_impairment,mobility_isolation,mobility_issue,mobility_issues,mobility_limitations,mobility_loneliness,mobility_loss,moral_dilemma,moral_doubt,moral_injury,mortality,mortality_anxiety,mortality_concern,mortality_reflection,multiple_illness,multiple_illness_anxiety,nostalgia,occupational_burnout,occupational_dissatisfaction,occupational_doubt,occupational_health,occupational_stagnation,occupational_stress,pain_isolation,pain_management,pandemic_loneliness,paranoia,parental_caregiver,parental_expectations,parental_guilt,parenting_anxiety,parenting_burnout,parenting_challenges,parenting_dilemma,parenting_guilt,parenting_stress,partner_loss,peer_loss,pension_insecurity,personal_growth,pharmacological_side_effects,physical_decline,physical_disability,physical_frailty,physical_injury,physical_limitation,physical_limitations,place_attachment,political_anxiety,political_disillusionment,political_displacement,political_grief,political_persecution,political_repression,political_risk,political_stress,political_unrest,political_violence,poverty,poverty_risk,poverty_stress,preventive_health,professional_doubt,professional_frustration,professional_injustice,professional_invalidation,professional_isolation,professional_legacy,professional_loneliness,professional_obstruction,professional_rejection,professional_scare,professional_stagnation,profound_loneliness,project_cancellation,ptsd,ptsd_symptoms,purpose_crisis,purpose_loss,regret,relationship_anxiety,relationship_balance,relationship_barrier,relationship_breakdown,relationship_breakup,relationship_building,relationship_challenges,relationship_concerns,relationship_conflict,relationship_crisis,relationship_deterioration,relationship_difficulty,relationship_dilemma,relationship_dissatisfaction,relationship_dissolution,relationship_doubt,relationship_drama,relationship_dysfunction,relationship_failure,relationship_grief,relationship_guilt,relationship_impact,relationship_issues,relationship_pressure,relationship_recovery,relationship_stability,relationship_strain,relationship_stress,relationship_tension,relocation_anxiety,relocation_stress,research_ethics,retirement_adaptation,retirement_adjustment,retirement_anxiety,retirement_challenges,retirement_concern,retirement_concerns,retirement_crisis,retirement_fear,retirement_finance,retirement_financial,retirement_financial_stress,retirement_health,retirement_identity,retirement_insecurity,retirement_planning,retirement_poverty,retirement_preparation,retirement_purpose,retirement_shortfall,retirement_stress,retirement_transition,retirement_worry,ritual_grief,ritual_pressure,ritual_stress,role_change,role_conflict,role_confusion,role_dissonance,role_overload,role_shift,role_transition,rumination,seasonal_depression,seasonal_grief,self_doubt,sibling_loss,skill_atrophy,skill_deficit,sleep_disorder,social_anxiety,social_change,social_expectations,social_grief,social_isolation,social_pressure,social_role,somatization,spousal_death,spousal_health,spousal_loss,spouse_health,substance_abuse,substance_risk,substance_use,survivor_guilt,terminal_illness,time_pressure,transgenerational_trauma,transition_anxiety,transition_crisis,transition_stress,trauma,trauma_exposure,trauma_flashbacks,trauma_reactivation,trauma_recovery,trauma_reemergence,trauma_replay,trauma_response,traumatic_stress,treatment_resistance,underemployment,unemployment,unmet_ambitions,unmet_aspirations,unrealized_duty,unrealized_potential,value_clash,value_conflict,value_dissonance,value_tension,vicarious_trauma,vocational_conflict,war_related_anxiety,war_stress,war_trauma,work_anxiety,work_burnout,work_family_balance,work_life_balance,work_pressure,work_related_stress,work_stress,workplace_integration,workplace_stress
100s,0,0,0,0,0,0,0,0,0,0,0,0,0,0,0,0,0,0,0,0,1,0,0,0,0,0,0,0,0,0,0,0,0,0,0,0,0,0,0,0,0,0,0,0,0,0,0,0,0,0,0,0,0,0,0,0,0,0,0,0,0,0,0,0,0,0,0,0,0,0,0,0,0,0,0,0,0,0,0,0,0,0,0,0,0,0,0,0,0,0,0,0,0,1,0,0,3,0,7,0,0,0,0,0,0,2,0,0,0,0,0,0,0,0,0,0,0,0,0,0,0,0,0,0,0,0,0,0,0,0,0,0,0,0,0,0,0,0,0,0,0,0,0,0,0,0,0,0,0,0,0,0,0,0,0,0,0,0,0,0,0,2,0,0,0,0,0,0,0,0,0,0,0,0,0,0,0,0,0,0,0,0,0,0,0,0,0,0,0,0,0,0,0,0,0,3,0,0,0,0,0,0,1,0,0,0,14,0,0,0,1,2,0,0,3,0,0,0,0,0,0,0,0,0,0,0,0,0,0,0,0,0,0,0,0,0,0,0,0,0,0,1,0,0,0,0,0,0,1,0,0,0,0,0,0,0,0,0,0,0,0,0,0,0,0,0,0,0,0,0,0,0,0,0,0,0,0,0,0,0,0,0,0,0,0,0,0,0,0,0,0,0,0,0,0,0,0,0,0,0,0,0,0,0,2,0,0,0,0,0,0,0,1,1,1,0,0,0,0,1,0,0,0,0,0,0,0,0,0,0,0,0,0,0,0,0,0,0,0,0,0,0,0,0,1,0,0,0,0,0,0,0,0,0,0,0,0,0,0,0,0,0,0,0,0,0,0,0,0,0,0,0,0,0,0,0,0,0,0,3,3,0,0,0,0,0,0,0,0,0,0,0,1,1,0,0,2,0,0,0,0,0,0,0,0,0,0,0,0,0,0,0,0,0,0,0,0,1,0,0,0,0,0,0,0,0,0,0,2,0,0,0,0,0,0,0,0,0,0,0,0,1,0,0,0,0,0,0,0,0,0,0,0,0,0,0,0,0,0,0,0,0,0,0,0,0,0,0,0,0,0,0,0,0,0,0,0,0,0,0,0,0,0,0,0,0,0,0,0,0,0,0,0,0,0,0,0,0,0,0,0,0,0,0,0,0,0,0,0,0,0,0,0,0,0,0,0,0,0,0,0,0,0,0,0,0,0,0,0,0,0,0,0,0,0,0,0,0,0,0,0,0,0,0,0,0,0,0,0,0,0,0,0,0,0,0,1,0,0,0,0,0,1,0,0,0,0,0,0,0,0,0,0,0,0,0,0,0,0,0,0,0,0,0,0,0,0,0,0,0,0,0,0,0,0,0,0,0,0,0,1,0,0,0,0,0,1,0,0,0,0,0,0,0,0,0,0,0,0,0,0,0,0,0,0,0,0,0,0,0,0,0,0,0,0,0,0,0,0,0,0,0,0,0,0,0
20s,2,11,0,1,0,0,6,2,1,0,0,0,0,3,1,9,3,0,0,0,0,0,0,0,0,0,0,0,0,0,0,1,0,0,0,0,0,0,21,0,1,0,1,0,0,0,0,0,0,0,2,0,1,1,19,1,0,1,1,2,12,1,0,1,0,2,2,0,0,0,10,1,1,1,16,0,0,0,0,0,0,0,0,0,0,0,0,0,1,0,1,2,0,0,2,0,0,0,7,0,0,0,1,0,0,0,0,0,1,1,3,0,0,0,0,0,0,0,1,0,0,1,10,0,0,0,0,0,0,1,5,0,1,0,0,2,4,0,0,0,1,1,5,0,1,0,4,1,0,2,0,1,1,1,0,0,0,0,0,0,0,6,1,0,1,0,0,10,2,1,4,1,0,2,0,0,0,0,0,0,0,0,0,0,0,1,0,0,0,0,0,2,1,0,0,0,0,0,0,0,0,1,0,0,0,0,4,0,0,1,0,1,0,0,0,0,1,0,1,0,0,0,0,6,0,0,1,0,2,0,0,0,1,0,0,0,0,1,0,0,0,0,0,0,0,0,0,0,1,2,0,0,15,0,1,1,0,0,2,1,0,0,0,1,0,0,0,0,1,1,1,2,0,0,0,0,0,0,0,1,0,0,76,2,0,0,0,0,0,0,1,0,0,0,1,0,0,0,0,0,0,0,0,0,42,0,0,1,0,2,9,0,0,1,1,0,0,0,0,0,0,0,0,0,0,0,1,0,0,0,0,0,0,0,0,0,1,0,3,0,2,2,0,3,54,1,0,0,0,0,0,0,0,0,0,1,0,2,0,0,0,1,1,0,0,0,1,0,0,0,1,0,0,2,0,2,1,2,0,0,0,0,0,1,2,1,0,1,2,1,0,0,0,0,0,0,29,0,0,0,0,0,0,0,0,1,0,1,0,0,0,0,0,0,0,0,0,0,0,0,1,1,1,0,0,1,0,0,2,0,0,1,0,0,2,1,0,0,0,0,0,0,0,0,0,0,0,1,0,0,0,0,0,0,0,2,3,1,1,0,1,0,0,0,0,0,0,0,0,0,0,0,0,2,0,0,0,0,0,0,0,0,1,0,0,0,0,0,0,0,1,2,0,1,1,1,0,0,1,0,0,1,0,0,0,0,0,0,0,0,0,0,0,3,0,0,0,0,1,0,0,0,1,0,0,0,11,0,0,0,2,1,0,1,1,4,1,0,0,0,0,5,0,0,3,5,4,1,3,0,0,0,0,0,0,0,0,0,0,0,0,0,0,0,0,0,0,0,0,0,0,0,0,0,0,0,4,0,0,1,0,1,1,0,0,3,0,0,1,0,3,0,1,0,14,0,0,0,0,0,0,0,2,0,1,0,0,0,0,1,0,1,10,1,1,0,2,0,0,0,2,0,0,1,1,0,0,0,0,5,0,1,0,0,1,1,4,2,1,0,3,1,1,1,1,1
30s,0,0,0,0,1,0,0,1,0,1,0,0,0,0,0,0,0,0,0,1,0,2,0,0,0,0,0,0,0,0,0,2,1,0,0,1,1,0,16,1,0,1,0,1,0,0,0,0,0,0,0,3,0,0,10,6,0,0,0,2,4,0,1,0,0,4,1,1,0,2,25,3,0,2,0,0,0,1,2,0,0,5,2,0,0,0,0,1,0,0,1,0,0,0,10,1,7,0,35,0,0,1,0,1,0,0,0,1,0,0,0,1,0,0,0,0,0,1,0,0,1,0,18,1,0,1,0,1,1,0,0,0,0,0,0,0,3,0,1,0,1,2,1,1,1,1,0,1,1,0,0,0,0,0,0,0,0,0,0,0,0,3,0,0,0,1,1,7,0,0,0,0,1,0,0,0,0,0,1,1,1,0,0,0,1,3,1,0,0,0,1,0,0,3,0,0,0,0,1,0,0,0,1,0,0,0,29,0,0,0,0,2,0,1,4,0,0,0,2,0,1,0,0,2,2,1,0,0,1,0,0,1,0,0,0,1,0,2,0,0,1,1,2,3,0,1,0,1,0,1,6,1,9,0,0,0,0,0,1,0,0,0,0,0,1,0,0,0,1,0,2,2,0,1,11,0,3,0,0,0,0,0,45,1,2,0,0,1,0,0,0,0,1,1,0,0,2,0,1,6,0,0,1,0,18,0,1,0,1,1,24,0,0,4,6,0,1,1,0,4,0,0,0,1,0,0,1,3,0,0,0,0,0,1,0,0,0,0,0,1,1,1,1,2,8,0,0,1,1,0,0,0,0,2,1,0,0,0,0,0,1,0,0,0,0,0,1,1,0,0,0,0,1,0,0,1,1,0,0,0,0,0,0,0,0,0,0,0,2,0,0,1,0,0,1,0,9,0,0,0,0,0,0,0,0,0,1,0,1,0,1,1,0,1,0,0,0,0,1,0,1,0,0,1,1,0,2,1,35,1,1,2,0,1,0,0,0,0,0,0,0,0,0,0,0,3,1,0,0,0,0,0,0,0,1,2,1,0,1,1,1,0,0,0,1,0,0,0,4,1,2,0,0,19,0,0,0,0,0,0,0,0,0,0,0,1,1,0,0,1,0,0,0,0,1,0,0,0,0,0,1,1,1,0,1,0,1,0,0,1,2,0,0,0,0,0,0,1,1,1,0,1,1,1,1,1,3,2,0,2,5,5,3,0,0,5,0,1,1,0,0,1,1,1,1,4,6,0,0,0,0,0,3,0,1,0,0,0,0,0,0,0,0,0,3,0,1,0,0,0,0,0,0,0,0,0,4,0,0,0,0,0,1,0,0,0,0,1,0,0,0,0,0,0,7,2,0,0,0,0,0,0,0,0,0,0,0,1,1,0,0,0,3,0,0,0,0,0,1,0,0,1,0,0,0,1,0,0,1,2,1,0,0,1,0,0,1,0,1,2,9,0,0,0,0,0
40s,0,0,0,0,0,0,2,1,1,0,0,0,0,0,0,1,0,1,0,1,0,1,0,0,0,0,0,0,1,0,0,0,0,0,0,0,0,2,12,0,1,0,0,0,1,0,0,0,0,0,0,0,1,1,3,11,1,0,0,1,1,0,1,0,1,2,0,0,0,0,8,2,0,12,0,1,3,9,0,2,1,13,2,1,0,1,2,0,0,0,0,0,1,0,10,1,23,0,46,0,0,0,0,0,0,0,0,0,0,0,0,0,0,0,3,0,0,0,0,1,0,0,5,0,1,0,1,0,0,0,0,0,0,0,0,1,2,0,1,1,0,0,1,0,0,0,1,0,0,0,0,0,0,0,0,0,0,0,0,1,0,0,0,0,0,0,0,1,0,0,0,0,0,0,1,1,1,1,0,0,0,2,1,1,0,0,0,1,0,1,0,0,0,13,0,0,0,0,0,0,0,0,0,0,0,0,17,1,0,0,1,3,0,0,1,0,0,0,0,3,0,0,5,3,0,0,0,1,0,0,0,2,0,1,2,0,0,0,1,1,0,1,1,4,1,0,1,0,1,1,0,0,0,1,0,0,0,1,1,0,0,0,0,0,0,1,0,0,3,0,4,1,0,0,6,0,1,0,1,1,1,0,52,6,1,0,1,0,0,0,0,0,0,0,0,0,0,1,0,3,0,1,1,0,25,0,0,0,0,0,7,0,0,4,10,1,1,0,5,17,0,0,1,1,0,0,2,4,0,0,2,2,0,0,0,0,0,0,2,0,0,0,0,0,13,2,1,0,0,2,1,1,1,0,0,0,0,0,0,0,0,0,0,0,0,0,1,0,1,0,0,1,0,1,0,1,1,0,0,2,3,0,0,0,0,0,0,1,0,0,0,0,0,0,0,4,38,0,0,0,0,1,0,0,1,0,0,0,0,1,0,0,0,0,0,0,0,0,0,0,3,0,0,0,0,0,0,0,17,0,1,1,1,0,0,0,0,0,1,0,0,1,1,0,0,0,0,1,0,2,0,0,0,0,4,0,0,0,0,0,0,0,0,0,0,0,1,1,1,0,0,1,1,4,0,0,0,0,0,0,0,0,0,0,0,0,0,1,1,0,0,0,1,1,0,0,0,0,0,1,2,0,0,0,0,0,0,1,0,0,0,0,1,1,0,0,1,4,0,0,0,1,2,0,0,0,0,2,1,0,0,6,0,1,1,4,0,0,0,1,1,0,0,0,3,1,6,0,3,0,0,2,14,0,1,1,0,0,1,1,1,0,0,0,7,0,1,0,0,3,3,0,0,0,0,1,2,1,1,0,1,2,0,0,0,0,0,0,0,2,1,1,0,0,8,0,0,1,0,0,0,1,0,0,0,1,0,0,0,0,1,3,0,0,1,0,0,1,1,0,0,0,1,0,0,0,0,0,0,0,0,1,0,0,0,0,0,0,1,0,1,0,0,0,0,0
50s,0,0,0,1,0,1,0,0,0,0,1,0,0,0,0,4,0,0,0,1,1,2,1,1,0,0,0,2,1,1,0,0,0,1,1,1,0,1,6,0,0,0,0,0,1,0,0,0,0,0,0,0,1,0,1,1,0,0,0,0,2,0,0,0,1,0,0,0,2,1,1,2,0,3,1,0,1,12,2,0,0,13,4,1,1,0,0,0,1,1,0,0,0,0,10,1,31,0,51,0,0,0,1,0,0,2,0,1,0,0,0,0,0,1,2,0,0,0,0,1,0,0,2,0,0,0,0,0,0,0,1,1,0,0,0,1,1,1,2,0,0,0,1,0,0,0,0,0,0,0,1,0,0,0,1,0,0,0,0,0,1,8,0,0,0,0,1,0,0,0,0,0,0,0,0,1,0,0,0,0,0,0,0,0,0,0,0,0,1,0,0,0,0,1,1,1,0,2,0,2,0,0,1,0,0,0,18,1,0,0,1,3,0,0,2,1,0,0,1,1,0,1,1,2,1,0,0,0,0,2,1,3,0,0,1,0,1,0,0,0,0,2,2,3,0,0,0,0,0,0,0,0,2,0,0,0,1,1,2,0,0,1,0,0,0,0,1,0,2,0,7,0,1,0,3,1,0,1,0,0,0,3,62,2,2,0,0,0,2,0,0,0,0,0,0,1,0,0,0,1,1,0,0,0,49,0,0,1,0,1,11,0,0,4,9,1,0,0,6,12,1,1,2,0,1,1,0,1,0,0,3,0,0,0,4,1,0,1,1,0,0,0,0,1,7,0,0,0,0,2,0,0,0,2,0,0,0,0,1,0,0,0,0,0,0,1,0,0,0,0,0,0,0,0,0,0,0,0,0,3,1,0,1,0,0,0,1,0,0,0,1,0,0,0,0,1,62,0,0,0,0,0,0,1,6,0,0,0,0,0,0,0,1,0,1,0,1,1,1,0,1,0,0,0,0,0,0,0,7,0,0,0,0,0,0,0,1,1,0,2,2,4,2,0,0,0,0,1,0,1,0,2,0,0,1,0,0,0,0,0,0,0,1,0,0,0,0,0,0,0,0,0,1,0,0,0,0,1,1,0,1,0,0,1,0,0,0,1,0,0,0,0,0,1,0,0,0,0,0,0,0,0,0,0,0,0,0,0,1,0,0,0,0,1,1,1,1,8,0,0,1,0,1,0,0,0,0,1,1,0,0,2,1,0,0,3,0,0,0,0,0,0,0,0,2,0,0,0,0,1,0,7,2,0,0,0,1,1,1,3,2,0,1,1,5,0,0,0,1,4,1,1,0,0,0,0,1,0,0,0,0,3,0,0,0,0,0,0,0,0,0,0,0,0,15,0,1,0,0,1,2,1,1,1,0,1,0,0,0,1,0,2,0,0,0,1,0,1,0,0,0,0,0,0,0,0,0,1,0,1,0,0,1,0,0,0,0,0,0,0,0,0,0,0,0,0
60s,0,0,0,0,0,0,0,1,0,0,1,1,1,1,0,1,0,0,0,0,1,1,0,3,2,0,0,0,1,0,0,0,0,0,2,1,0,0,2,0,0,0,0,0,0,1,0,1,3,2,0,0,0,0,1,0,0,0,0,0,1,0,0,0,0,0,0,0,0,0,1,0,0,2,0,1,1,9,0,0,1,11,3,1,0,0,1,0,0,0,0,0,1,0,6,1,30,1,63,1,0,0,0,0,1,2,0,1,0,0,0,0,0,1,0,0,0,0,0,0,0,0,1,0,0,0,0,0,0,0,0,0,0,0,0,0,0,0,0,0,0,0,0,1,0,0,0,0,0,0,0,0,0,0,0,1,1,1,0,1,0,2,0,0,0,0,1,0,0,0,0,0,0,0,0,0,0,0,0,0,0,2,0,0,0,0,0,0,0,0,0,0,0,1,0,2,0,0,0,2,0,0,0,0,0,1,18,0,0,0,3,2,1,0,3,0,0,1,0,1,0,0,1,2,0,0,0,0,0,0,0,1,0,0,1,0,0,0,1,0,0,1,2,3,0,0,0,0,1,0,0,0,0,0,0,0,0,1,0,0,1,1,1,0,0,4,1,0,2,0,4,0,1,0,6,2,0,0,0,0,0,3,69,4,2,1,0,0,2,1,0,1,0,0,0,2,0,0,0,1,0,0,0,1,55,0,0,1,0,2,11,1,0,7,8,1,0,0,8,18,1,1,2,0,0,0,2,4,0,1,1,0,0,0,2,0,0,0,2,0,0,0,0,0,7,0,0,0,0,2,0,0,0,0,0,0,0,0,0,0,0,0,0,1,1,0,0,0,0,1,0,0,0,2,1,0,0,0,1,3,2,2,0,0,0,0,0,0,0,0,0,0,0,0,0,2,74,0,2,1,1,0,1,3,6,0,0,0,0,0,0,0,0,0,0,1,0,0,1,0,0,0,0,0,0,0,0,0,3,0,0,0,0,0,0,0,0,1,0,1,1,7,2,0,1,1,1,1,0,2,1,0,1,1,1,0,0,0,0,0,0,0,0,0,0,1,0,0,0,0,0,0,0,0,0,0,1,0,0,1,0,0,0,1,0,0,1,0,0,0,0,0,0,0,0,0,0,1,0,0,0,0,0,1,0,1,0,0,0,0,0,0,0,0,1,0,0,4,0,0,0,0,0,0,0,0,0,1,0,0,0,0,0,0,0,2,0,0,0,0,0,0,0,0,1,0,2,0,0,0,1,13,3,1,0,0,1,0,0,2,3,1,2,0,2,1,0,1,0,3,2,0,0,0,0,0,2,0,0,0,0,0,0,0,0,0,1,0,0,0,0,0,0,1,18,0,1,0,0,0,0,1,0,0,0,0,0,0,0,0,1,4,0,0,0,0,0,0,0,0,0,0,0,0,0,0,1,0,0,0,0,0,0,0,0,0,0,0,0,0,0,0,0,0,0,0
70s,0,0,1,0,0,0,0,1,0,0,0,2,0,0,0,0,0,0,1,0,1,0,0,3,2,0,0,1,1,0,1,0,0,0,1,0,0,2,1,0,0,0,0,0,0,0,1,0,3,1,0,0,0,0,1,0,0,0,0,0,1,0,0,0,0,0,0,0,0,0,0,0,0,0,0,0,2,15,1,0,0,8,3,1,0,0,1,0,2,0,0,0,1,0,7,1,42,0,60,1,0,0,0,0,0,5,1,0,0,0,0,0,1,1,0,1,1,0,0,0,0,0,2,0,0,0,0,0,0,0,0,0,0,1,1,0,0,0,1,0,0,0,0,0,0,0,0,0,0,0,1,0,0,0,0,0,0,0,0,1,0,3,0,1,0,0,0,0,0,0,0,0,0,0,0,0,0,0,0,0,0,2,1,0,0,0,0,0,1,0,0,0,0,1,0,4,1,0,0,2,1,0,1,0,1,0,19,0,0,0,1,3,2,1,4,1,0,0,0,0,0,0,1,2,0,0,0,0,0,1,0,2,0,0,0,0,0,0,0,0,0,3,1,2,0,0,0,0,2,0,0,0,0,0,0,0,0,1,0,0,0,1,0,1,0,0,1,0,2,0,8,0,1,0,3,1,1,0,0,0,0,3,68,2,3,0,0,0,3,0,0,0,0,0,0,2,0,0,0,0,0,0,0,0,60,1,0,1,0,3,5,0,1,5,9,2,0,0,8,15,1,1,2,0,1,0,2,2,1,0,0,0,0,0,1,1,0,0,0,0,0,0,0,0,6,0,0,1,0,1,0,0,0,0,0,0,1,0,0,1,0,0,0,0,0,0,0,0,0,1,0,0,0,0,0,0,0,0,0,3,1,1,1,0,0,0,0,0,0,0,0,0,0,0,0,0,83,0,0,0,0,0,1,1,5,0,0,0,0,0,0,0,0,0,0,0,1,1,1,1,0,0,0,0,0,0,0,0,3,0,0,0,0,0,0,0,0,3,0,1,1,7,2,0,0,0,1,2,0,2,0,1,0,1,2,0,0,0,0,0,0,1,0,1,0,0,0,0,0,0,0,0,0,0,1,1,0,0,0,1,1,1,0,1,1,0,1,0,0,0,0,0,0,0,0,0,1,1,0,0,0,0,0,0,0,0,0,0,0,0,0,0,0,0,1,0,0,6,0,0,0,0,0,0,0,0,0,1,0,0,0,1,0,0,0,2,0,0,0,0,0,0,0,0,1,0,0,0,0,0,0,1,0,2,0,0,0,0,1,1,2,2,1,0,2,1,0,0,0,1,0,0,1,0,0,1,1,0,0,0,0,0,0,1,0,0,0,0,0,0,0,0,0,0,21,0,1,0,1,0,1,0,0,0,0,0,0,0,0,0,0,3,0,0,0,0,0,0,0,0,0,0,0,0,0,0,0,1,0,0,0,0,0,0,0,0,0,0,0,0,0,0,0,0,0,0
80s,0,0,0,0,0,0,0,1,0,0,2,0,0,0,0,0,0,0,0,0,1,0,0,3,2,1,2,1,1,0,0,0,0,0,1,1,0,0,0,0,0,0,0,0,0,1,1,0,6,1,0,0,0,0,1,0,0,0,0,0,1,0,0,0,0,0,0,0,0,0,0,0,0,0,0,0,1,10,0,0,0,7,3,1,0,0,1,0,1,0,0,0,1,0,9,1,44,0,66,1,0,0,0,0,1,7,0,0,0,0,0,1,0,2,0,0,0,0,0,1,0,0,2,0,0,0,0,0,0,0,0,0,0,0,0,0,1,0,1,1,0,0,0,0,0,0,0,0,0,0,1,0,0,0,0,2,0,0,1,0,1,2,0,0,0,0,1,0,0,0,0,0,0,0,0,0,0,0,0,0,0,1,0,0,0,0,0,0,1,0,0,0,0,1,0,3,0,0,0,2,1,0,0,0,1,0,17,0,1,0,1,5,3,2,5,0,0,1,0,0,0,0,1,2,0,0,0,1,0,0,0,1,0,0,0,0,0,0,0,0,0,2,1,2,0,0,0,0,2,0,0,0,0,0,0,0,0,1,1,0,0,1,0,0,0,1,0,1,2,0,10,0,1,0,2,2,0,0,0,0,0,3,69,3,1,1,0,0,2,1,0,2,0,0,0,2,0,0,0,0,0,0,0,0,58,1,0,0,0,2,3,0,2,6,9,1,0,0,8,15,1,0,1,0,1,0,2,3,1,0,2,0,1,0,1,2,0,0,1,0,0,0,0,0,6,0,0,0,0,1,0,0,0,0,0,0,1,0,0,0,0,0,0,0,0,0,0,0,0,0,0,0,0,2,0,0,0,0,0,2,2,0,0,0,0,0,0,0,0,0,0,0,0,0,0,0,89,1,1,0,0,0,1,3,7,0,0,0,0,0,0,0,0,0,0,1,0,1,1,0,0,0,0,0,0,0,0,0,3,0,0,0,0,0,0,0,1,1,0,0,1,5,2,1,1,1,0,1,1,4,0,1,1,0,1,0,0,0,0,0,0,0,0,0,0,0,0,0,0,0,0,0,0,0,1,1,0,0,0,1,0,0,0,1,0,0,0,0,0,0,0,0,0,0,0,0,1,1,0,0,0,0,0,0,0,0,0,0,0,0,0,0,0,0,2,0,0,7,0,0,0,0,0,0,0,0,0,0,0,0,0,0,0,0,0,2,0,0,0,0,0,0,0,0,1,0,0,0,1,0,0,1,0,2,0,0,0,0,0,1,2,1,1,0,0,1,0,0,0,2,0,0,0,1,1,0,2,0,0,0,0,0,0,0,1,0,1,0,0,0,0,0,0,0,13,0,1,0,0,0,1,0,0,0,0,0,0,0,0,0,0,2,0,0,0,0,0,0,0,1,0,0,0,0,0,0,0,0,0,0,0,0,0,0,0,0,0,0,0,0,0,0,0,0,0,0
90s,0,0,0,0,0,0,0,1,0,0,1,2,0,0,0,0,0,0,0,0,1,0,0,3,2,1,1,1,1,0,1,0,0,0,1,0,0,1,0,0,0,0,0,0,0,1,1,1,6,0,0,0,0,0,1,0,0,0,0,0,1,0,0,0,0,0,0,0,0,0,0,0,0,0,0,0,2,9,0,0,0,4,3,1,0,0,0,0,1,0,0,0,1,1,8,1,36,0,65,1,1,0,0,0,0,6,0,0,0,0,0,0,0,1,1,1,0,0,0,0,0,0,1,0,0,0,0,0,0,0,0,0,0,0,0,0,0,0,1,0,0,0,0,0,0,0,0,0,0,0,0,0,0,0,0,2,0,0,2,0,0,3,0,0,0,0,1,0,0,0,0,0,0,0,0,0,0,0,0,0,0,2,0,0,0,0,0,0,0,0,0,0,0,1,0,4,0,0,0,2,1,0,0,1,1,1,19,1,0,0,2,4,2,1,4,1,0,1,0,0,0,0,0,3,0,0,0,0,0,0,1,1,0,0,0,0,0,0,0,0,0,3,2,2,0,0,0,0,2,0,0,0,0,0,0,0,0,1,0,0,0,1,0,1,0,0,1,1,2,0,10,0,2,0,2,1,0,0,0,0,0,3,63,3,1,1,0,0,3,2,0,1,0,0,0,2,0,0,0,0,0,0,0,0,55,1,0,0,0,2,4,0,1,6,11,2,0,0,9,19,1,0,1,0,2,0,2,2,2,0,0,0,0,0,2,1,0,0,0,0,0,0,0,0,6,0,0,1,0,1,0,0,0,0,0,0,2,0,0,0,0,0,0,0,0,0,0,0,0,1,0,0,0,2,0,0,0,0,0,3,0,1,1,0,0,0,0,0,0,0,0,0,0,0,0,0,91,0,0,0,1,0,1,4,9,0,0,0,0,0,0,0,0,0,0,0,0,1,1,1,0,0,0,0,0,0,0,0,3,0,0,0,0,0,0,0,0,2,0,0,0,6,2,0,0,0,1,1,1,4,0,1,0,0,1,0,0,0,0,0,0,0,0,0,0,0,0,0,0,0,0,0,0,0,0,1,0,0,0,1,1,0,0,1,0,0,1,0,0,0,0,0,0,0,0,0,1,1,0,0,0,0,0,0,0,0,0,0,0,0,0,1,0,0,1,0,0,5,0,0,0,0,0,0,0,0,0,0,0,0,0,1,0,0,0,2,0,0,0,0,0,0,0,0,1,0,0,0,0,0,0,1,0,2,0,0,0,0,0,2,2,1,1,0,0,1,0,0,0,1,0,0,1,0,0,0,1,0,0,0,0,0,0,1,0,0,0,0,0,1,0,0,0,0,19,0,1,0,0,0,0,0,0,0,0,0,0,0,0,0,0,2,0,0,0,0,0,0,0,0,0,0,0,0,0,0,0,0,0,0,0,0,0,0,0,0,0,0,0,0,0,0,0,0,0,0
